<?xml version="1.0" encoding="UTF-8"?>
<!DOCTYPE mapper PUBLIC "-//mybatis.org//DTD Mapper 3.0//EN"
        "http://mybatis.org/dtd/mybatis-3-mapper.dtd">
<mapper namespace="com.example.springboot.mapper.Usermapper">
    <update id="update">
        update user
        <set>

            <if test="hum != null">
                hum=#{hum},
            </if>
            <if test="tem != null">
                tem=#{tem},
            </if>
            <if test="name != null">
                name=#{name},
            </if>
            <if test="createtime != null">
                createtime=#{createtime}
            </if>
        </set>
        <where>
            id = #{id}
        </where>

    </update>
</mapper>
